{
  "lessons": [
    {
      "id": 0,
      "title": "Lab_1",
      "task_list": [
        {
          "name": "task1",
          "stepic_id": 0,
          "task_files": {
            "task.py": {
              "name": "task.py",
              "placeholders": [
                {
                  "hint": "",
                  "additional_hints": [],
                  "possible_answer": "print",
                  "offset": 44,
                  "length": 8
                }
              ]
            }
          }
        },
        {
          "name": "task2",
          "stepic_id": 0,
          "task_files": {
            "task.py": {
              "name": "task.py",
              "placeholders": [
                {
                  "hint": "",
                  "additional_hints": [],
                  "possible_answer": "answer",
                  "offset": 63,
                  "length": 10
                }
              ]
            }
          }
        },
        {
          "name": "task3",
          "stepic_id": 0,
          "task_files": {
            "task.py": {
              "name": "task.py",
              "placeholders": [
                {
                  "hint": "",
                  "additional_hints": [],
                  "possible_answer": "answer1",
                  "offset": 74,
                  "length": 9
                },
                {
                  "hint": "",
                  "additional_hints": [],
                  "possible_answer": "answer2",
                  "offset": 91,
                  "length": 9
                }
              ]
            }
          }
        }
      ]
    },
    {
      "id": 0,
      "title": "Lab_2",
      "task_list": [
        {
          "name": "task1",
          "stepic_id": 0,
          "task_files": {
            "task.py": {
              "name": "task.py",
              "placeholders": [
                {
                  "hint": "",
                  "additional_hints": [],
                  "possible_answer": "(x+1/4)",
                  "offset": 137,
                  "length": 34
                }
              ]
            }
          }
        },
        {
          "name": "task2",
          "stepic_id": 0,
          "task_files": {
            "task.py": {
              "name": "task.py",
              "placeholders": [
                {
                  "hint": "",
                  "additional_hints": [],
                  "possible_answer": "x+3\u003e7",
                  "offset": 288,
                  "length": 47
                }
              ]
            }
          }
        },
        {
          "name": "task3",
          "stepic_id": 0,
          "task_files": {
            "task.py": {
              "name": "task.py",
              "placeholders": [
                {
                  "hint": "",
                  "additional_hints": [],
                  "possible_answer": "\"String 1\"",
                  "offset": 228,
                  "length": 8
                },
                {
                  "hint": "",
                  "additional_hints": [],
                  "possible_answer": "\"String 2\"",
                  "offset": 237,
                  "length": 8
                }
              ]
            }
          }
        },
        {
          "name": "task4",
          "stepic_id": 0,
          "task_files": {
            "task.py": {
              "name": "task.py",
              "placeholders": [
                {
                  "hint": "",
                  "additional_hints": [],
                  "possible_answer": "% (course,year)",
                  "offset": 628,
                  "length": 27
                },
                {
                  "hint": "",
                  "additional_hints": [],
                  "possible_answer": "# Add your own example here",
                  "offset": 658,
                  "length": 33
                }
              ]
            }
          }
        },
        {
          "name": "task5",
          "stepic_id": 0,
          "task_files": {
            "task.py": {
              "name": "task.py",
              "placeholders": [
                {
                  "hint": "",
                  "additional_hints": [],
                  "possible_answer": "# Add your own assignment here.",
                  "offset": 317,
                  "length": 27
                },
                {
                  "hint": "",
                  "additional_hints": [],
                  "possible_answer": "# Print the variable that you just assigned a value to.",
                  "offset": 345,
                  "length": 18
                }
              ]
            }
          }
        },
        {
          "name": "task6",
          "stepic_id": 0,
          "task_files": {
            "task.py": {
              "name": "task.py",
              "placeholders": [
                {
                  "hint": "",
                  "additional_hints": [],
                  "possible_answer": "\"a \u003d {}\".format(a)",
                  "offset": 489,
                  "length": 37
                }
              ]
            }
          }
        },
        {
          "name": "task7",
          "stepic_id": 0,
          "task_files": {
            "task.py": {
              "name": "task.py",
              "placeholders": [
                {
                  "hint": "",
                  "additional_hints": [],
                  "possible_answer": "fDegrees",
                  "offset": 560,
                  "length": 10
                }
              ]
            }
          }
        },
        {
          "name": "task8",
          "stepic_id": 0,
          "task_files": {
            "task.py": {
              "name": "task.py",
              "placeholders": [
                {
                  "hint": "",
                  "additional_hints": [],
                  "possible_answer": "celsius",
                  "offset": 153,
                  "length": 30
                },
                {
                  "hint": "",
                  "additional_hints": [],
                  "possible_answer": "(fDegrees-32) * (5.0/9.0)",
                  "offset": 186,
                  "length": 32
                },
                {
                  "hint": "",
                  "additional_hints": [],
                  "possible_answer": "celsius",
                  "offset": 225,
                  "length": 28
                }
              ]
            }
          }
        }
      ]
    },
    {
      "id": 0,
      "title": "Lab_3",
      "task_list": [
        {
          "name": "task1",
          "stepic_id": 0,
          "task_files": {
            "task.py": {
              "name": "task.py",
              "placeholders": [
                {
                  "hint": "",
                  "additional_hints": [],
                  "possible_answer": "if x\u003e5:",
                  "offset": 73,
                  "length": 19
                },
                {
                  "hint": "",
                  "additional_hints": [],
                  "possible_answer": "\"X is larger than 5\"",
                  "offset": 103,
                  "length": 40
                },
                {
                  "hint": "",
                  "additional_hints": [],
                  "possible_answer": "\"X is smaller than or equal to 5\"",
                  "offset": 161,
                  "length": 44
                }
              ]
            }
          }
        },
        {
          "name": "task2",
          "stepic_id": 0,
          "task_files": {
            "task.py": {
              "name": "task.py",
              "placeholders": [
                {
                  "hint": "",
                  "additional_hints": [],
                  "possible_answer": "and",
                  "offset": 145,
                  "length": 18
                },
                {
                  "hint": "",
                  "additional_hints": [],
                  "possible_answer": "or",
                  "offset": 190,
                  "length": 18
                },
                {
                  "hint": "",
                  "additional_hints": [],
                  "possible_answer": "\u003e",
                  "offset": 252,
                  "length": 19
                },
                {
                  "hint": "",
                  "additional_hints": [],
                  "possible_answer": "or",
                  "offset": 286,
                  "length": 18
                }
              ]
            }
          }
        },
        {
          "name": "task3",
          "stepic_id": 0,
          "task_files": {
            "task.py": {
              "name": "task.py",
              "placeholders": [
                {
                  "hint": "",
                  "additional_hints": [],
                  "possible_answer": "hour \u003c\u003d 12",
                  "offset": 104,
                  "length": 15
                },
                {
                  "hint": "",
                  "additional_hints": [],
                  "possible_answer": "timeOfDay \u003d \"morning\"",
                  "offset": 125,
                  "length": 12
                },
                {
                  "hint": "",
                  "additional_hints": [],
                  "possible_answer": "12 \u003c hour \u003c 18",
                  "offset": 143,
                  "length": 16
                },
                {
                  "hint": "",
                  "additional_hints": [],
                  "possible_answer": "timeOfDay \u003d \"afternoon\"",
                  "offset": 165,
                  "length": 12
                },
                {
                  "hint": "",
                  "additional_hints": [],
                  "possible_answer": "timeOfDay \u003d \"evening\"",
                  "offset": 188,
                  "length": 12
                }
              ]
            }
          }
        }
      ]
    },
    {
      "id": 0,
      "title": "Lab_4",
      "task_list": [
        {
          "name": "task1",
          "stepic_id": 0,
          "task_files": {
            "task.py": {
              "name": "task.py",
              "placeholders": [
                {
                  "hint": "",
                  "additional_hints": [],
                  "possible_answer": "while count \u003c\u003d 10:",
                  "offset": 61,
                  "length": 20
                },
                {
                  "hint": "",
                  "additional_hints": [],
                  "possible_answer": "print(count)",
                  "offset": 86,
                  "length": 24
                },
                {
                  "hint": "",
                  "additional_hints": [],
                  "possible_answer": "count \u003d count + 1",
                  "offset": 115,
                  "length": 16
                }
              ]
            }
          }
        },
        {
          "name": "task2",
          "stepic_id": 0,
          "task_files": {
            "task.py": {
              "name": "task.py",
              "placeholders": [
                {
                  "hint": "",
                  "additional_hints": [],
                  "possible_answer": "x in range(1,10,2)",
                  "offset": 64,
                  "length": 41
                },
                {
                  "hint": "",
                  "additional_hints": [],
                  "possible_answer": "print(x)",
                  "offset": 111,
                  "length": 23
                }
              ]
            }
          }
        },
        {
          "name": "task3",
          "stepic_id": 0,
          "task_files": {
            "task.py": {
              "name": "task.py",
              "placeholders": [
                {
                  "hint": "",
                  "additional_hints": [],
                  "possible_answer": "for y in range(0,5)",
                  "offset": 60,
                  "length": 12
                }
              ]
            }
          }
        },
        {
          "name": "task4",
          "stepic_id": 0,
          "task_files": {
            "task.py": {
              "name": "task.py",
              "placeholders": [
                {
                  "hint": "",
                  "additional_hints": [],
                  "possible_answer": "in range(20)",
                  "offset": 117,
                  "length": 16
                },
                {
                  "hint": "",
                  "additional_hints": [],
                  "possible_answer": " x % 3 \u003d\u003d 0",
                  "offset": 161,
                  "length": 13
                },
                {
                  "hint": "",
                  "additional_hints": [],
                  "possible_answer": "x % 2 \u003d\u003d 0",
                  "offset": 203,
                  "length": 14
                }
              ]
            }
          }
        }
      ]
    },
    {
      "id": 0,
      "title": "Lab_5",
      "task_list": [
        {
          "name": "task1",
          "stepic_id": 0,
          "task_files": {
            "task.py": {
              "name": "task.py",
              "placeholders": [
                {
                  "hint": "",
                  "additional_hints": [],
                  "possible_answer": "(a,b)",
                  "offset": 74,
                  "length": 22
                },
                {
                  "hint": "",
                  "additional_hints": [],
                  "possible_answer": "a+b",
                  "offset": 111,
                  "length": 15
                },
                {
                  "hint": "",
                  "additional_hints": [],
                  "possible_answer": "result",
                  "offset": 138,
                  "length": 14
                }
              ]
            }
          }
        },
        {
          "name": "task2",
          "stepic_id": 0,
          "task_files": {
            "task.py": {
              "name": "task.py",
              "placeholders": [
                {
                  "hint": "",
                  "additional_hints": [],
                  "possible_answer": "i in range(n-1,1,-1)",
                  "offset": 102,
                  "length": 31
                },
                {
                  "hint": "",
                  "additional_hints": [],
                  "possible_answer": "result \u003d result *i",
                  "offset": 143,
                  "length": 26
                }
              ]
            }
          }
        },
        {
          "name": "task3",
          "stepic_id": 0,
          "task_files": {
            "task.py": {
              "name": "task.py",
              "placeholders": [
                {
                  "hint": "",
                  "additional_hints": [],
                  "possible_answer": "helloWorld()",
                  "offset": 65,
                  "length": 48
                },
                {
                  "hint": "",
                  "additional_hints": [],
                  "possible_answer": "print(\"Hello World\")",
                  "offset": 119,
                  "length": 19
                },
                {
                  "hint": "",
                  "additional_hints": [],
                  "possible_answer": "for i in range(n)",
                  "offset": 169,
                  "length": 23
                },
                {
                  "hint": "",
                  "additional_hints": [],
                  "possible_answer": "helloWorld()",
                  "offset": 202,
                  "length": 17
                }
              ]
            }
          }
        },
        {
          "name": "task4",
          "stepic_id": 0,
          "task_files": {
            "task.py": {
              "name": "task.py",
              "placeholders": [
                {
                  "hint": "",
                  "additional_hints": [],
                  "possible_answer": " n% 7 \u003d\u003d0:",
                  "offset": 86,
                  "length": 15
                },
                {
                  "hint": "",
                  "additional_hints": [],
                  "possible_answer": "n",
                  "offset": 118,
                  "length": 22
                },
                {
                  "hint": "",
                  "additional_hints": [],
                  "possible_answer": "-1",
                  "offset": 166,
                  "length": 27
                }
              ]
            }
          }
        }
      ]
    },
    {
      "id": 0,
      "title": "Lab_6",
      "task_list": [
        {
          "name": "task1",
          "stepic_id": 0,
          "task_files": {
            "task.py": {
              "name": "task.py",
              "placeholders": [
                {
                  "hint": "",
                  "additional_hints": [],
                  "possible_answer": "strings",
                  "offset": 78,
                  "length": 26
                },
                {
                  "hint": "",
                  "additional_hints": [],
                  "possible_answer": "s in strings",
                  "offset": 127,
                  "length": 16
                },
                {
                  "hint": "",
                  "additional_hints": [],
                  "possible_answer": "len(s) \u003e 2",
                  "offset": 156,
                  "length": 14
                }
              ]
            }
          }
        },
        {
          "name": "task2",
          "stepic_id": 0,
          "task_files": {
            "task.py": {
              "name": "task.py",
              "placeholders": [
                {
                  "hint": "",
                  "additional_hints": [],
                  "possible_answer": "(one,two)",
                  "offset": 73,
                  "length": 21
                },
                {
                  "hint": "",
                  "additional_hints": [],
                  "possible_answer": "a in one",
                  "offset": 104,
                  "length": 45
                },
                {
                  "hint": "",
                  "additional_hints": [],
                  "possible_answer": "b in two",
                  "offset": 163,
                  "length": 45
                },
                {
                  "hint": "",
                  "additional_hints": [],
                  "possible_answer": "a \u003d\u003d b",
                  "offset": 225,
                  "length": 48
                }
              ]
            }
          }
        },
        {
          "name": "task3",
          "stepic_id": 0,
          "task_files": {
            "task.py": {
              "name": "task.py",
              "placeholders": [
                {
                  "hint": "",
                  "additional_hints": [],
                  "possible_answer": "i in words",
                  "offset": 106,
                  "length": 16
                },
                {
                  "hint": "",
                  "additional_hints": [],
                  "possible_answer": "result.append(len(i))",
                  "offset": 132,
                  "length": 59
                },
                {
                  "hint": "",
                  "additional_hints": [],
                  "possible_answer": "return result",
                  "offset": 196,
                  "length": 41
                }
              ]
            }
          }
        },
        {
          "name": "task4",
          "stepic_id": 0,
          "task_files": {
            "task.py": {
              "name": "task.py",
              "placeholders": [
                {
                  "hint": "",
                  "additional_hints": [],
                  "possible_answer": "word.lower()[0] \u003d\u003d \u0027z\u0027",
                  "offset": 174,
                  "length": 47
                },
                {
                  "hint": "",
                  "additional_hints": [],
                  "possible_answer": "zresult.append(word)",
                  "offset": 286,
                  "length": 22
                },
                {
                  "hint": "",
                  "additional_hints": [],
                  "possible_answer": "result.append(word)",
                  "offset": 375,
                  "length": 20
                },
                {
                  "hint": "",
                  "additional_hints": [],
                  "possible_answer": "zresult.sort()",
                  "offset": 401,
                  "length": 24
                },
                {
                  "hint": "",
                  "additional_hints": [],
                  "possible_answer": "result.sort()",
                  "offset": 430,
                  "length": 28
                },
                {
                  "hint": "",
                  "additional_hints": [],
                  "possible_answer": "return zresult + result",
                  "offset": 463,
                  "length": 21
                }
              ]
            }
          }
        }
      ]
    },
    {
      "id": 0,
      "title": "Lab_7",
      "task_list": [
        {
          "name": "task1",
          "stepic_id": 0,
          "task_files": {
            "text.txt": {
              "name": "text.txt",
              "placeholders": []
            },
            "task.py": {
              "name": "task.py",
              "placeholders": [
                {
                  "hint": "",
                  "additional_hints": [],
                  "possible_answer": "open(\"text.txt\",\"r\")",
                  "offset": 63,
                  "length": 36
                },
                {
                  "hint": "",
                  "additional_hints": [],
                  "possible_answer": "line in text",
                  "offset": 104,
                  "length": 34
                },
                {
                  "hint": "",
                  "additional_hints": [],
                  "possible_answer": "line,end\u003d\"\"",
                  "offset": 150,
                  "length": 15
                }
              ]
            }
          }
        },
        {
          "name": "task2",
          "stepic_id": 0,
          "task_files": {
            "text.txt": {
              "name": "text.txt",
              "placeholders": []
            },
            "task.py": {
              "name": "task.py",
              "placeholders": [
                {
                  "hint": "",
                  "additional_hints": [],
                  "possible_answer": "text.readline()",
                  "offset": 120,
                  "length": 12
                },
                {
                  "hint": "",
                  "additional_hints": [],
                  "possible_answer": "line.split()",
                  "offset": 141,
                  "length": 34
                },
                {
                  "hint": "",
                  "additional_hints": [],
                  "possible_answer": "myfile.write(word",
                  "offset": 215,
                  "length": 13
                },
                {
                  "hint": "",
                  "additional_hints": [],
                  "possible_answer": "text.close()",
                  "offset": 249,
                  "length": 27
                },
                {
                  "hint": "",
                  "additional_hints": [],
                  "possible_answer": "myfile.close()",
                  "offset": 277,
                  "length": 29
                }
              ]
            },
            "myfile.txt": {
              "name": "myfile.txt",
              "placeholders": []
            }
          }
        },
        {
          "name": "task3",
          "stepic_id": 0,
          "task_files": {
            "filmdata.csv": {
              "name": "filmdata.csv",
              "placeholders": []
            },
            "task.py": {
              "name": "task.py",
              "placeholders": [
                {
                  "hint": "",
                  "additional_hints": [],
                  "possible_answer": "line in f",
                  "offset": 111,
                  "length": 29
                },
                {
                  "hint": "",
                  "additional_hints": [],
                  "possible_answer": "line.split(\",\")",
                  "offset": 156,
                  "length": 25
                },
                {
                  "hint": "",
                  "additional_hints": [],
                  "possible_answer": "int(entries[0]) \u003c 1990",
                  "offset": 189,
                  "length": 40
                },
                {
                  "hint": "",
                  "additional_hints": [],
                  "possible_answer": "entries[0],\" \",entries[2]",
                  "offset": 245,
                  "length": 25
                }
              ]
            }
          }
        }
      ]
    },
    {
      "id": 0,
      "title": "Lab_8",
      "task_list": [
        {
          "name": "task1",
          "stepic_id": 0,
          "task_files": {
            "task.py": {
              "name": "task.py",
              "placeholders": [
                {
                  "hint": "",
                  "additional_hints": [],
                  "possible_answer": "try:",
                  "offset": 89,
                  "length": 9
                },
                {
                  "hint": "",
                  "additional_hints": [],
                  "possible_answer": "except IOError as e",
                  "offset": 130,
                  "length": 27
                },
                {
                  "hint": "",
                  "additional_hints": [],
                  "possible_answer": "print(\"This file does not exist\")",
                  "offset": 163,
                  "length": 15
                }
              ]
            }
          }
        },
        {
          "name": "task2",
          "stepic_id": 0,
          "task_files": {
            "task.py": {
              "name": "task.py",
              "placeholders": [
                {
                  "hint": "",
                  "additional_hints": [],
                  "possible_answer": "except ZeroDivisionError",
                  "offset": 166,
                  "length": 13
                },
                {
                  "hint": "",
                  "additional_hints": [],
                  "possible_answer": "print(\"On iteration\",i,\" tried to divide by zero!\")",
                  "offset": 189,
                  "length": 17
                },
                {
                  "hint": "",
                  "additional_hints": [],
                  "possible_answer": "finally:",
                  "offset": 211,
                  "length": 14
                },
                {
                  "hint": "",
                  "additional_hints": [],
                  "possible_answer": "print(\"Loop iteration\",i,\" successful.\")",
                  "offset": 234,
                  "length": 15
                }
              ]
            }
          }
        },
        {
          "name": "task3",
          "stepic_id": 0,
          "task_files": {
            "task.py": {
              "name": "task.py",
              "placeholders": [
                {
                  "hint": "",
                  "additional_hints": [],
                  "possible_answer": "print(\"The value is :\",values[cur])",
                  "offset": 152,
                  "length": 32
                },
                {
                  "hint": "",
                  "additional_hints": [],
                  "possible_answer": "raise ValueError(\u0027This is a string\u0027)",
                  "offset": 226,
                  "length": 18
                }
              ]
            }
          }
        }
      ]
    },
    {
      "id": 0,
      "title": "Lab_9",
      "task_list": [
        {
          "name": "task1",
          "stepic_id": 0,
          "task_files": {
            "task.py": {
              "name": "task.py",
              "placeholders": [
                {
                  "hint": "",
                  "additional_hints": [],
                  "possible_answer": "episode4.union(episode5).union(episode6)",
                  "offset": 402,
                  "length": 35
                }
              ]
            }
          }
        },
        {
          "name": "task2",
          "stepic_id": 0,
          "task_files": {
            "task.py": {
              "name": "task.py",
              "placeholders": [
                {
                  "hint": "",
                  "additional_hints": [],
                  "possible_answer": "interEp45 \u003d episode4.intersection(episode5)",
                  "offset": 383,
                  "length": 33
                },
                {
                  "hint": "",
                  "additional_hints": [],
                  "possible_answer": "final \u003d episode6.difference(interEp45)",
                  "offset": 501,
                  "length": 31
                }
              ]
            }
          }
        },
        {
          "name": "task3",
          "stepic_id": 0,
          "task_files": {
            "task.py": {
              "name": "task.py",
              "placeholders": [
                {
                  "hint": "",
                  "additional_hints": [],
                  "possible_answer": "spsentence \u003d sentence.split()",
                  "offset": 341,
                  "length": 43
                },
                {
                  "hint": "",
                  "additional_hints": [],
                  "possible_answer": "range(0,len(spsentence))",
                  "offset": 397,
                  "length": 30
                },
                {
                  "hint": "",
                  "additional_hints": [],
                  "possible_answer": "spsentence[word]",
                  "offset": 436,
                  "length": 43
                },
                {
                  "hint": "",
                  "additional_hints": [],
                  "possible_answer": "spsentence[word] \u003d makeItHappy[spsentence[word]]",
                  "offset": 504,
                  "length": 46
                },
                {
                  "hint": "",
                  "additional_hints": [],
                  "possible_answer": "for word in spsentence",
                  "offset": 566,
                  "length": 38
                }
              ]
            }
          }
        },
        {
          "name": "task4",
          "stepic_id": 0,
          "task_files": {
            "task.py": {
              "name": "task.py",
              "placeholders": [
                {
                  "hint": "",
                  "additional_hints": [],
                  "possible_answer": "dict \u003d {}",
                  "offset": 208,
                  "length": 40
                },
                {
                  "hint": "",
                  "additional_hints": [],
                  "possible_answer": "dict[name[i]]\u003dalias[i]",
                  "offset": 283,
                  "length": 42
                },
                {
                  "hint": "",
                  "additional_hints": [],
                  "possible_answer": "item in sorted(dict)",
                  "offset": 332,
                  "length": 30
                },
                {
                  "hint": "",
                  "additional_hints": [],
                  "possible_answer": "print(item,\" : \",dict[item])",
                  "offset": 368,
                  "length": 20
                }
              ]
            }
          }
        },
        {
          "name": "task5",
          "stepic_id": 0,
          "task_files": {
            "task.py": {
              "name": "task.py",
              "placeholders": [
                {
                  "hint": "",
                  "additional_hints": [],
                  "possible_answer": "eset.add(x)",
                  "offset": 541,
                  "length": 32
                },
                {
                  "hint": "",
                  "additional_hints": [],
                  "possible_answer": "oset.add(x",
                  "offset": 601,
                  "length": 31
                },
                {
                  "hint": "",
                  "additional_hints": [],
                  "possible_answer": "thset.add(x)",
                  "offset": 661,
                  "length": 34
                },
                {
                  "hint": "",
                  "additional_hints": [],
                  "possible_answer": "pset.add(x)",
                  "offset": 721,
                  "length": 33
                },
                {
                  "hint": "",
                  "additional_hints": [],
                  "possible_answer": "dict[\u0027even\u0027] \u003d eset",
                  "offset": 756,
                  "length": 34
                },
                {
                  "hint": "",
                  "additional_hints": [],
                  "possible_answer": "dict[\u0027odd\u0027] \u003d oset",
                  "offset": 791,
                  "length": 33
                },
                {
                  "hint": "",
                  "additional_hints": [],
                  "possible_answer": "dict[\u0027three\u0027] \u003d thset",
                  "offset": 825,
                  "length": 47
                },
                {
                  "hint": "",
                  "additional_hints": [],
                  "possible_answer": "dict[\u0027prime\u0027] \u003d pset",
                  "offset": 873,
                  "length": 39
                }
              ]
            }
          }
        }
      ]
    },
    {
      "id": 0,
      "title": "Lab_10",
      "task_list": [
        {
          "name": "task1",
          "stepic_id": 0,
          "task_files": {
            "task.py": {
              "name": "task.py",
              "placeholders": [
                {
                  "hint": "",
                  "additional_hints": [],
                  "possible_answer": "b1\u003dBanana()",
                  "offset": 293,
                  "length": 30
                },
                {
                  "hint": "",
                  "additional_hints": [],
                  "possible_answer": "b2\u003dBanana()",
                  "offset": 324,
                  "length": 31
                }
              ]
            }
          }
        },
        {
          "name": "task2",
          "stepic_id": 0,
          "task_files": {
            "task.py": {
              "name": "task.py",
              "placeholders": [
                {
                  "hint": "",
                  "additional_hints": [],
                  "possible_answer": "self._type \u003d\"\"",
                  "offset": 113,
                  "length": 38
                },
                {
                  "hint": "",
                  "additional_hints": [],
                  "possible_answer": "(self,type)",
                  "offset": 168,
                  "length": 36
                },
                {
                  "hint": "",
                  "additional_hints": [],
                  "possible_answer": "self._type\u003dtype",
                  "offset": 214,
                  "length": 12
                },
                {
                  "hint": "",
                  "additional_hints": [],
                  "possible_answer": "(self)",
                  "offset": 243,
                  "length": 36
                },
                {
                  "hint": "",
                  "additional_hints": [],
                  "possible_answer": "return self._type",
                  "offset": 289,
                  "length": 12
                }
              ]
            }
          }
        },
        {
          "name": "task3",
          "stepic_id": 0,
          "task_files": {
            "task.py": {
              "name": "task.py",
              "placeholders": [
                {
                  "hint": "",
                  "additional_hints": [],
                  "possible_answer": "__add__(self, other)",
                  "offset": 87,
                  "length": 40
                },
                {
                  "hint": "",
                  "additional_hints": [],
                  "possible_answer": "isinstance(other,Cream)",
                  "offset": 140,
                  "length": 47
                },
                {
                  "hint": "",
                  "additional_hints": [],
                  "possible_answer": "return \"Yum\"",
                  "offset": 201,
                  "length": 24
                }
              ]
            }
          }
        }
      ]
    },
    {
      "id": 0,
      "title": "Lab_11",
      "task_list": [
        {
          "name": "task1",
          "stepic_id": 0,
          "task_files": {
            "task.py": {
              "name": "task.py",
              "placeholders": [
                {
                  "hint": "",
                  "additional_hints": [],
                  "possible_answer": "self._colour\u003d\"\"",
                  "offset": 109,
                  "length": 26
                },
                {
                  "hint": "",
                  "additional_hints": [],
                  "possible_answer": "self._shape\u003d\"\"",
                  "offset": 144,
                  "length": 26
                },
                {
                  "hint": "",
                  "additional_hints": [],
                  "possible_answer": "canBePhone(self)",
                  "offset": 203,
                  "length": 37
                },
                {
                  "hint": "",
                  "additional_hints": [],
                  "possible_answer": "class Banana(Fruit)",
                  "offset": 309,
                  "length": 55
                },
                {
                  "hint": "",
                  "additional_hints": [],
                  "possible_answer": "super().__init__()",
                  "offset": 398,
                  "length": 24
                },
                {
                  "hint": "",
                  "additional_hints": [],
                  "possible_answer": "canBePhone(self)",
                  "offset": 432,
                  "length": 19
                }
              ]
            }
          }
        },
        {
          "name": "task2",
          "stepic_id": 0,
          "task_files": {
            "task.py": {
              "name": "task.py",
              "placeholders": [
                {
                  "hint": "",
                  "additional_hints": [],
                  "possible_answer": "self._colour \u003d clr",
                  "offset": 154,
                  "length": 25
                },
                {
                  "hint": "",
                  "additional_hints": [],
                  "possible_answer": "self._shape \u003d shp",
                  "offset": 188,
                  "length": 24
                },
                {
                  "hint": "",
                  "additional_hints": [],
                  "possible_answer": "self._taste \u003d tst",
                  "offset": 221,
                  "length": 24
                },
                {
                  "hint": "",
                  "additional_hints": [],
                  "possible_answer": "descriptor(self)",
                  "offset": 434,
                  "length": 41
                },
                {
                  "hint": "",
                  "additional_hints": [],
                  "possible_answer": "self,clr\u003d\"\",shp\u003d\"\",tst\u003d\"\"",
                  "offset": 598,
                  "length": 43
                },
                {
                  "hint": "",
                  "additional_hints": [],
                  "possible_answer": "__init__(clr,shp,tst)",
                  "offset": 660,
                  "length": 47
                },
                {
                  "hint": "",
                  "additional_hints": [],
                  "possible_answer": "self,clr\u003d\"\",shp\u003d\"\",tst\u003d\"\"",
                  "offset": 767,
                  "length": 43
                },
                {
                  "hint": "",
                  "additional_hints": [],
                  "possible_answer": "__init__(clr,shp,tst)",
                  "offset": 829,
                  "length": 47
                },
                {
                  "hint": "",
                  "additional_hints": [],
                  "possible_answer": "return super().descriptor()+\",\"+self._type",
                  "offset": 991,
                  "length": 59
                }
              ]
            }
          }
        },
        {
          "name": "task3",
          "stepic_id": 0,
          "task_files": {
            "task.py": {
              "name": "task.py",
              "placeholders": [
                {
                  "hint": "",
                  "additional_hints": [],
                  "possible_answer": "__init__(self,ndoors\u003d0,clr\u003d\"\",eng\u003d0)",
                  "offset": 512,
                  "length": 22
                },
                {
                  "hint": "",
                  "additional_hints": [],
                  "possible_answer": "super().__init__(ndoors,clr)",
                  "offset": 544,
                  "length": 38
                },
                {
                  "hint": "",
                  "additional_hints": [],
                  "possible_answer": "self._engine \u003d eng",
                  "offset": 591,
                  "length": 41
                },
                {
                  "hint": "",
                  "additional_hints": [],
                  "possible_answer": "display(self)",
                  "offset": 642,
                  "length": 36
                },
                {
                  "hint": "",
                  "additional_hints": [],
                  "possible_answer": "super().display()+\", with \"+str(self._engine)+\" hp\"",
                  "offset": 695,
                  "length": 22
                },
                {
                  "hint": "",
                  "additional_hints": [],
                  "possible_answer": "__init__(self,ndoors\u003d0,clr\u003d\"\",eng\u003d0,tp\u003d\"\")",
                  "offset": 784,
                  "length": 22
                },
                {
                  "hint": "",
                  "additional_hints": [],
                  "possible_answer": "super().__init__(ndoors,clr,eng)",
                  "offset": 816,
                  "length": 40
                },
                {
                  "hint": "",
                  "additional_hints": [],
                  "possible_answer": "self._top \u003d tp",
                  "offset": 865,
                  "length": 38
                },
                {
                  "hint": "",
                  "additional_hints": [],
                  "possible_answer": "display(self)",
                  "offset": 913,
                  "length": 29
                },
                {
                  "hint": "",
                  "additional_hints": [],
                  "possible_answer": "super().display()+\", with a \"+self._top+\" top.\"",
                  "offset": 959,
                  "length": 22
                }
              ]
            }
          }
        }
      ]
    }
  ],
  "authors": [],
  "description": "This \"course\" contains the interactive lab exercises for the CS1026 labs for the fall term, 2016 for both Sections 001 and 002.  These exercises make use of PyCharm version 2.  Within the \"course\" done with PyCharm, you will find \"labs\" and within each you will find \"tasks\".  The tasks are done within PyCharm.  Instructions on how to download the \"course\" and initiate it in PyCharm can be found on the course website.\n\nDescriptions of each lab AND the description of a lab programming exercise can be found in the course website.  Please make sure to read the description and the exercise before coming to lab.",
  "name": "CS1026 Python",
  "id": 0,
  "isAdaptive": false,
  "language": "Python"
}